﻿<?xml version="1.0" encoding="utf-8"?>
<templates version="3" next-auto-number="7">
  <screen-group name="default">
    <screen-template name="global" match="false" anchored="False" html-id="auto-component-IGtu">
      <context-menu />
    </screen-template>
    <screen-template name="T_ScanLocation_Error" match="cursorZone('[6,19]') and orderMatch('Scan Location','Task:','Loc:','Confirm Location:','Error - Wrong Location:')" anchored="False" html-id="auto-component-R0zu">
      <header start-row="1" start-column="1" value="Scan Location" html-id="component-0" />
      <span-group html-id="added_637908003037550411">
        <display-text start-row="3" start-column="4" value="Task: Order No 615" copy-value="[3,4:5]" html-id="component-1" />
        <display-text start-row="3" start-column="10" copy-value="[3,10:111]" html-id="added_637907999551296188" />
      </span-group>
      <span-group html-id="added_637908003064742971">
        <display-text start-row="4" start-column="5" value="Loc: D1D" copy-value="[4,5:4]" html-id="component-2" />
        <display-text start-row="4" start-column="10" copy-value="[4,10:78]" html-id="added_637907302164649363" />
      </span-group>
      <display-text start-row="6" start-column="1" value="Confirm Location" html-id="component-3" />
      <input-field start-row="6" start-column="19" copy-value="[6,19]" html-id="input-00050012" />
      <display-text start-row="9" start-column="1" copy-value="[9,1:23]" html-id="added_637907292921860814" />
    </screen-template>
    <screen-template name="T_ScanLocation" match="orderMatch('Scan Location','Task:','Loc:','Confirm Location:') and cursorZone('[6,19]')" anchored="False" html-id="auto-component-R0zu">
      <header start-row="1" start-column="1" value="Scan Location" html-id="component-0" />
      <span-group html-id="added_637907998791223517">
        <display-text start-row="3" start-column="4" value="Task: Order No 615" copy-value="[3,4:5]" html-id="component-1" />
        <display-text start-row="3" start-column="10" copy-value="[3,10:111]" html-id="added_637907998710034619" />
      </span-group>
      <span-group html-id="added_637907998073493080">
        <display-text start-row="4" start-column="5" value="Loc: D1D" copy-value="[4,5:4]" html-id="component-2" />
        <display-text start-row="4" start-column="10" copy-value="[4,10:78]" html-id="added_637907301759998116" />
      </span-group>
      <display-text start-row="6" start-column="1" value="Confirm Location" html-id="component-3" />
      <input-field start-row="6" start-column="19" copy-value="[6,19]" html-id="input-00050012" />
    </screen-template>
    <screen-template name="T_ScanProduct_Error" match="cursorZone('[9,18]') and orderMatch('Scan Product','Task:','Loc:','Product:','Desc:','Qty:','Confirm Product:','Error - Wrong Product:')" anchored="False" html-id="auto-component-y2Hs">
      <header start-row="1" start-column="1" value="Scan Product" html-id="component-0" />
      <span-group html-id="added_637908002461456907">
        <display-text start-row="3" start-column="4" value="Task: Order No 615" copy-value="[3,4:5]" html-id="component-1" />
        <display-text start-row="3" start-column="10" copy-value="[3,10:111]" html-id="added_637908001931553190" />
      </span-group>
      <span-group html-id="added_637908002520121485">
        <display-text start-row="4" start-column="5" value="Loc: D1D" copy-value="[4,5:4]" html-id="component-2" />
        <display-text start-row="4" start-column="10" copy-value="[4,10:111]" html-id="added_637908002031994151" />
      </span-group>
      <span-group html-id="added_637908002579479736">
        <display-text start-row="5" start-column="1" value="Product: 375CA0001 - 05" copy-value="[5,1:8]" html-id="component-3" />
        <display-text start-row="5" start-column="10" copy-value="[5,10:74]" html-id="added_637907317735267863" />
      </span-group>
      <span-group html-id="added_637908002636079381">
        <display-text start-row="6" start-column="4" value="Desc: INPUT CABLE, USB/VGA MOUSE" copy-value="[6,4:5]" html-id="component-4" />
        <display-text start-row="6" start-column="10" copy-value="[6,10:74]" html-id="added_637907318028387559" />
      </span-group>
      <span-group html-id="added_637908002676561238">
        <display-text start-row="7" start-column="5" value="Qty: 1" copy-value="[7,5:4]" html-id="component-5" />
        <display-text start-row="7" start-column="10" copy-value="[7,10:111]" html-id="added_637908002343836119" />
      </span-group>
      <display-text start-row="9" start-column="1" value="Confirm Product" html-id="component-6" />
      <input-field start-row="9" start-column="18" copy-value="[9,18]" html-id="input-00080011" />
    </screen-template>
    <screen-template name="T_ScanProduct" match="orderMatch('Scan Product','Task:','Loc:','Product:','Desc:','Qty:','Confirm Product:') and cursorZone('[9,18]')" anchored="False" html-id="auto-component-2EgJ">
      <header start-row="1" start-column="1" value="Scan Product" html-id="component-0" />
      <span-group html-id="added_637908001013583676">
        <display-text start-row="3" start-column="4" value="Task: Order No 615" copy-value="[3,4:5]" html-id="component-1" />
        <display-text start-row="3" start-column="10" copy-value="[3,10:111]" html-id="added_637908000769314061" />
      </span-group>
      <span-group html-id="added_637908001052658493">
        <display-text start-row="4" start-column="5" value="Loc: D1D" copy-value="[4,5:4]" html-id="component-2" />
        <display-text start-row="4" start-column="10" copy-value="[4,10:111]" html-id="added_637908000634932630" />
      </span-group>
      <span-group html-id="added_637908001097065041">
        <display-text start-row="5" start-column="1" value="Product: 375CA0001 - 05" copy-value="[5,1:8]" html-id="component-3" />
        <display-text start-row="5" start-column="10" copy-value="[5,10:109]" html-id="added_637907317368546353" />
      </span-group>
      <span-group html-id="added_637908001152122822">
        <display-text start-row="6" start-column="4" value="Desc: INPUT CABLE, USB/VGA MOUSE" copy-value="[6,4:5]" html-id="component-4" />
        <display-text start-row="6" start-column="10" copy-value="[6,10:74]" html-id="added_637907318322398198" />
      </span-group>
      <span-group html-id="added_637908001123454823">
        <display-text start-row="7" start-column="5" value="Qty: 1" copy-value="[7,5:4]" html-id="component-5" />
        <display-text start-row="7" start-column="10" copy-value="[7,10:111]" html-id="added_637908000917547570" />
      </span-group>
      <display-text start-row="9" start-column="1" value="Confirm Product" html-id="component-6" />
      <input-field start-row="9" start-column="18" copy-value="[9,18]" html-id="input-00080011" />
    </screen-template>
    <screen-template name="T_Finished" match="orderMatch('Finished!','You took:','Press ENTER to Pick Again, or q to exit') and cursorZone('[6,1]')" anchored="False" html-id="auto-component-ZaRE">
      <header start-row="1" start-column="1" value="Finished!" html-id="component-0" />
      <display-text start-row="4" start-column="1" value="You took: 38. 3 seconds" copy-value="[4,1]" html-id="component-1" />
      <display-text start-row="5" start-column="1" value="Press ENTER to Pick Again, or q to exit" html-id="component-2" />
      <input-field start-row="6" start-column="1" copy-value="[6,1]" html-id="input-00050000" />
    </screen-template>
    <screen-template name="T_Login" match="cursorZone('[3,11]') and orderMatch('Login','Username:','Password:')" anchored="False" html-id="auto-component-gUrW">
      <workflow />
      <header start-row="1" start-column="1" value="Login" html-id="component-0" />
      <display-text start-row="3" start-column="1" value="Username" html-id="component-1" />
      <input-field start-row="3" start-column="11" copy-value="[3,11]" html-id="input-0002000A" html-style="font-weight:normal;" />
      <display-text start-row="1" start-column="1" value=" Password" html-id="added_637908139287673685" />
      <input-field start-row="4" start-column="11" copy-value="[4,11:110]" html-id="added_637908140827411124" />
    </screen-template>
  </screen-group>
</templates>