﻿<?xml version="1.0" encoding="utf-8"?>
<ArrayOfScriptWithScope xmlns:xsi="http://www.w3.org/2001/XMLSchema-instance" xmlns:xsd="http://www.w3.org/2001/XMLSchema">
  <ScriptWithScope>
    <FunctionName>start_intent_interface</FunctionName>
    <DisplayName>start_intent_interface</DisplayName>
    <ScriptText>Action.launch({
    package: "com.six15.st1_connect",
    class: "com.six15.intent_interface.IntentInterfaceActivity",
    action: "com.six15.hudservice.ACTION_SEND_TEXT",
    extras: [
        { name: "text0", value: "", type: "string" },
        { name: "text1", value: "Six15 Intent Interface", type: "string" },
        { name: "text2", value: "starting from Velocity", type: "string" },
        { name: "text3", value: "", type: "string" },
    ]
});</ScriptText>
    <Description>start_intent_interface</Description>
    <Autogenerated>false</Autogenerated>
    <IgnoreScope>false</IgnoreScope>
    <Tags />
    <Modified>2022-06-14T11:01:18.7818559-04:00</Modified>
    <Parameters />
    <Resources />
    <DefaultScope>session</DefaultScope>
    <Scopes>
      <ScriptScope>
        <ScopeIdentifier>session</ScopeIdentifier>
        <ParameterValues />
      </ScriptScope>
    </Scopes>
  </ScriptWithScope>
  <ScriptWithScope>
    <FunctionName>send_slide_with_header</FunctionName>
    <DisplayName>send_slide_with_header</DisplayName>
    <ScriptText>function sendTextToHud(event) {
    // var title_color comes from parameter.
    // var title_text comes from parameter.

    // Read the string value of the id
    // getTextById() often returns strings with trailing spaces. The phone UI removes them automatically, so we do too.
    var body_text_str = ModernScreen.getTextById(body_text_id).trim();

    // Send a broadcast to the HUD.
    Action.sendBroadcast({
        action: "com.six15.hudservice.ACTION_SEND_TEXT",
        extras: [
            { name: "text0", value: title_text, type: "string" },
            { name: "bg_color0", value: title_color, type: "string" },
            { name: "weight0", value: "1", type: "string" },

            { name: "text1", value: body_text_str, type: "string" },
            { name: "weight1", value: "3", type: "string" },
        ]
    });
}
sendTextToHud();
WLEvent.on("ScreenUpdated", sendTextToHud);</ScriptText>
    <Description>send_slide_with_header</Description>
    <Autogenerated>false</Autogenerated>
    <IgnoreScope>false</IgnoreScope>
    <Tags />
    <Modified>2022-06-14T14:38:14.1516741-04:00</Modified>
    <Parameters>
      <ScriptParameter>
        <VariableName>title_color</VariableName>
        <DefaultValue />
        <DisplayName>title_color</DisplayName>
        <Description>title_color</Description>
        <StringType>true</StringType>
        <Options />
      </ScriptParameter>
      <ScriptParameter>
        <VariableName>title_text</VariableName>
        <DefaultValue />
        <DisplayName>title_text</DisplayName>
        <Description>title_text</Description>
        <StringType>true</StringType>
        <Options />
      </ScriptParameter>
      <ScriptParameter>
        <VariableName>body_text_id</VariableName>
        <DefaultValue />
        <DisplayName>body_text_id</DisplayName>
        <Description>body_text_id</Description>
        <StringType>true</StringType>
        <Options />
      </ScriptParameter>
    </Parameters>
    <Resources />
    <DefaultScope>session</DefaultScope>
    <Scopes>
      <ScriptScope>
        <ScopeIdentifier>@T_ScanLocation</ScopeIdentifier>
        <ParameterValues>
          <string>BLUE</string>
          <string>Scan Location</string>
          <string>added_637907301759998116</string>
        </ParameterValues>
      </ScriptScope>
      <ScriptScope>
        <ScopeIdentifier>@T_ScanLocation_Error</ScopeIdentifier>
        <ParameterValues>
          <string>RED</string>
          <string>Scan Location</string>
          <string>added_637907302164649363</string>
        </ParameterValues>
      </ScriptScope>
      <ScriptScope>
        <ScopeIdentifier>@T_Finished</ScopeIdentifier>
        <ParameterValues>
          <string>GREEN</string>
          <string>Finished</string>
          <string>component-1</string>
        </ParameterValues>
      </ScriptScope>
    </Scopes>
  </ScriptWithScope>
  <ScriptWithScope>
    <FunctionName>send_slide_with_header_and_footer</FunctionName>
    <DisplayName>send_slide_with_header_and_footer</DisplayName>
    <ScriptText>function sendTextToHud(event) {
    // var title_color comes from parameter.
    // var title_text comes from parameter.

    // Read the string value of the id
    // getTextById() often returns strings with trailing spaces. The phone UI removes them automatically, so we do too.
    var body_text_str = ModernScreen.getTextById(body_text_id).trim();
    var footer_text_str = ModernScreen.getTextById(footer_text_id).trim();


    // Send a broadcast to the HUD.
    Action.sendBroadcast({
        action: "com.six15.hudservice.ACTION_SEND_TEXT",
        extras: [
            { name: "text0", value: title_text, type: "string" },
            { name: "bg_color0", value: title_color, type: "string" },
            { name: "weight0", value: "1", type: "string" },

            { name: "text1", value: body_text_str, type: "string" },
            { name: "weight1", value: "2", type: "string" },

            { name: "text2", value: footer_text_str, type: "string" },
            { name: "weight2", value: "1", type: "string" },
        ]
    });
}
sendTextToHud();
WLEvent.on("ScreenUpdated", sendTextToHud);</ScriptText>
    <Description>send_slide_with_header_and_footer</Description>
    <Autogenerated>false</Autogenerated>
    <IgnoreScope>false</IgnoreScope>
    <Tags />
    <Modified>2022-06-14T11:09:02.9481973-04:00</Modified>
    <Parameters>
      <ScriptParameter>
        <VariableName>title_color</VariableName>
        <DefaultValue />
        <DisplayName>title_color</DisplayName>
        <Description>title_color</Description>
        <StringType>true</StringType>
        <Options />
      </ScriptParameter>
      <ScriptParameter>
        <VariableName>title_text</VariableName>
        <DefaultValue />
        <DisplayName>title_text</DisplayName>
        <Description>title_text</Description>
        <StringType>true</StringType>
        <Options />
      </ScriptParameter>
      <ScriptParameter>
        <VariableName>body_text_id</VariableName>
        <DefaultValue />
        <DisplayName>body_text_id</DisplayName>
        <Description>body_text_id</Description>
        <StringType>true</StringType>
        <Options />
      </ScriptParameter>
      <ScriptParameter>
        <VariableName>footer_text_id</VariableName>
        <DefaultValue />
        <DisplayName>footer_text_id</DisplayName>
        <Description>footer_text_id</Description>
        <StringType>true</StringType>
        <Options />
      </ScriptParameter>
    </Parameters>
    <Resources />
    <DefaultScope>session</DefaultScope>
    <Scopes>
      <ScriptScope>
        <ScopeIdentifier>@T_ScanProduct</ScopeIdentifier>
        <ParameterValues>
          <string>BLUE</string>
          <string>Scan Product</string>
          <string>added_637907317368546353</string>
          <string>added_637907318322398198</string>
        </ParameterValues>
      </ScriptScope>
      <ScriptScope>
        <ScopeIdentifier>@T_ScanProduct_Error</ScopeIdentifier>
        <ParameterValues>
          <string>RED</string>
          <string>Scan Product</string>
          <string>added_637907317735267863</string>
          <string>added_637907318028387559</string>
        </ParameterValues>
      </ScriptScope>
    </Scopes>
  </ScriptWithScope>
  <ScriptWithScope>
    <FunctionName>send_slide</FunctionName>
    <DisplayName>send_slide</DisplayName>
    <ScriptText>function sendTextToHud(event) {
    // var body_color comes from parameter.
    // var body_text comes from parameter.

    // Send a broadcast to the HUD.
    Action.sendBroadcast({
        action: "com.six15.hudservice.ACTION_SEND_TEXT",
        extras: [
            { name: "text0", value: body_text, type: "string" },
            { name: "bg_color0", value: body_color, type: "string" },
        ]
    });
}
sendTextToHud();
WLEvent.on("ScreenUpdated", sendTextToHud);</ScriptText>
    <Description>send_slide</Description>
    <Autogenerated>false</Autogenerated>
    <IgnoreScope>false</IgnoreScope>
    <Tags />
    <Modified>2022-06-14T15:03:31.2107804-04:00</Modified>
    <Parameters>
      <ScriptParameter>
        <VariableName>body_color</VariableName>
        <DefaultValue />
        <DisplayName>body_color</DisplayName>
        <Description>body_color</Description>
        <StringType>true</StringType>
        <Options />
      </ScriptParameter>
      <ScriptParameter>
        <VariableName>body_text</VariableName>
        <DefaultValue />
        <DisplayName>body_text</DisplayName>
        <Description>body_text</Description>
        <StringType>true</StringType>
        <Options />
      </ScriptParameter>
    </Parameters>
    <Resources />
    <DefaultScope>session</DefaultScope>
    <Scopes>
      <ScriptScope>
        <ScopeIdentifier>@T_Login</ScopeIdentifier>
        <ParameterValues>
          <string>#000020</string>
          <string>See host to login</string>
        </ParameterValues>
      </ScriptScope>
    </Scopes>
  </ScriptWithScope>
</ArrayOfScriptWithScope>