﻿<?xml version="1.0" encoding="utf-8"?>
<keyboards xmlns:xsi="http://www.w3.org/2001/XMLSchema-instance" xmlns:xsd="http://www.w3.org/2001/XMLSchema" version="1">
  <style name="normal" textColor="ffffff" keyColor="616161" pressColor="33a1da" fontWeight="bold" bloom="false" />
  <style name="Dark" textColor="03a9f4" keyColor="242424" pressColor="33a1da" fontWeight="bold" bloom="false" />
  <layout name="Six15 Keyboard2" defaultModifier="normal" defaultStyle="normal" percentOfScreen="35" selectorText="Abc" rotateTo="ORACLE_alphanum_land" autoReturn="false" background="333333" modes="ORACLE,port">
    <button x="0" y="2" h="2" w="2">
      <key modifier="normal" content="{image:toggle_blue.png}" value="@" style="Dark" feedback="" />
      <key modifier="shift" content="{image:toggle_blue.png}" value="@" style="Dark" feedback="" />
    </button>
    <button x="17" y="4" h="2" w="3">
      <key modifier="normal" content="{image:backspace_blue.png}" value="{hex:0008}" style="Dark" feedback="" />
      <key modifier="shift" content="{image:backspace_blue.png}" value="{hex:0008}" style="Dark" feedback="" />
    </button>
    <button x="0" y="6" h="2" w="5">
      <key modifier="normal" content="{image:scanner_blue.png}" value="{special:scan}" style="Dark" feedback="" />
      <key modifier="shift" content="{image:scanner_blue.png}" value="{special:scan}" style="Dark" feedback="" />
    </button>
    <button x="0" y="4" h="2" w="3">
      <key modifier="normal" content="{image:shift_blue.png}" value="{modifier:shift}" style="Dark" feedback="" />
      <key modifier="shift" content="{image:shift_down_blue.png:shift_lock_blue.png}" value="{lock:shift}" style="Dark" feedback="" />
    </button>
    <button x="5" y="6" h="2" w="10">
      <key modifier="normal" content="{image:space_blue.png}" value="{hex:0020}" style="Dark" feedback="" />
      <key modifier="shift" content="{image:space_blue.png}" value="{hex:0020}" style="Dark" feedback="" />
    </button>
    <button x="15" y="6" h="2" w="5">
      <key modifier="normal" content="{image:return_key_blue.png}" value="{hex:000D}" style="Dark" feedback="" />
      <key modifier="shift" content="{image:return_key_blue.png}" value="{hex:000D}" style="Dark" feedback="" />
    </button>
    <button x="0" y="0" h="2" w="2">
      <key modifier="normal" content="q" value="q" style="normal" feedback="">
        <longPressKey content="1" value="1" />
      </key>
      <key modifier="shift" content="Q" value="Q" style="normal" feedback="">
        <longPressKey content="1" value="1" />
      </key>
    </button>
    <button x="2" y="0" h="2" w="2">
      <key modifier="normal" content="w" value="w" style="normal" feedback="">
        <longPressKey content="2" value="2" />
      </key>
      <key modifier="shift" content="W" value="W" style="normal" feedback="">
        <longPressKey content="2" value="2" />
      </key>
    </button>
    <button x="4" y="0" h="2" w="2">
      <key modifier="normal" content="e" value="e" style="normal" feedback="">
        <longPressKey content="3" value="3" />
      </key>
      <key modifier="shift" content="E" value="E" style="normal" feedback="">
        <longPressKey content="3" value="3" />
      </key>
    </button>
    <button x="6" y="0" h="2" w="2">
      <key modifier="normal" content="r" value="r" style="normal" feedback="">
        <longPressKey content="4" value="4" />
      </key>
      <key modifier="shift" content="R" value="R" style="normal" feedback="">
        <longPressKey content="4" value="4" />
      </key>
    </button>
    <button x="8" y="0" h="2" w="2">
      <key modifier="normal" content="t" value="t" style="normal" feedback="">
        <longPressKey content="5" value="5" />
      </key>
      <key modifier="shift" content="T" value="T" style="normal" feedback="">
        <longPressKey content="5" value="5" />
      </key>
    </button>
    <button x="10" y="0" h="2" w="2">
      <key modifier="normal" content="y" value="y" style="normal" feedback="">
        <longPressKey content="6" value="6" />
      </key>
      <key modifier="shift" content="Y" value="Y" style="normal" feedback="">
        <longPressKey content="6" value="6" />
      </key>
    </button>
    <button x="12" y="0" h="2" w="2">
      <key modifier="normal" content="u" value="u" style="normal" feedback="">
        <longPressKey content="7" value="7" />
      </key>
      <key modifier="shift" content="U" value="U" style="normal" feedback="">
        <longPressKey content="7" value="7" />
      </key>
    </button>
    <button x="14" y="0" h="2" w="2">
      <key modifier="normal" content="i" value="i" style="normal" feedback="">
        <longPressKey content="8" value="8" />
      </key>
      <key modifier="shift" content="I" value="I" style="normal" feedback="">
        <longPressKey content="8" value="8" />
      </key>
    </button>
    <button x="16" y="0" h="2" w="2">
      <key modifier="normal" content="o" value="o" style="normal" feedback="">
        <longPressKey content="9" value="9" />
      </key>
      <key modifier="shift" content="O" value="O" style="normal" feedback="">
        <longPressKey content="9" value="9" />
      </key>
    </button>
    <button x="18" y="0" h="2" w="2">
      <key modifier="normal" content="p" value="p" style="normal" feedback="">
        <longPressKey content="0" value="0" />
      </key>
      <key modifier="shift" content="P" value="P" style="normal" feedback="">
        <longPressKey content="0" value="0" />
      </key>
    </button>
    <button x="2" y="2" h="2" w="2">
      <key modifier="normal" content="a" value="a" style="normal" feedback="" />
      <key modifier="shift" content="A" value="A" style="normal" feedback="" />
    </button>
    <button x="4" y="2" h="2" w="2">
      <key modifier="normal" content="s" value="s" style="normal" feedback="" />
      <key modifier="shift" content="S" value="S" style="normal" feedback="" />
    </button>
    <button x="6" y="2" h="2" w="2">
      <key modifier="normal" content="d" value="d" style="normal" feedback="" />
      <key modifier="shift" content="D" value="D" style="normal" feedback="" />
    </button>
    <button x="8" y="2" h="2" w="2">
      <key modifier="normal" content="f" value="f" style="normal" feedback="" />
      <key modifier="shift" content="F" value="F" style="normal" feedback="" />
    </button>
    <button x="10" y="2" h="2" w="2">
      <key modifier="normal" content="g" value="g" style="normal" feedback="" />
      <key modifier="shift" content="G" value="G" style="normal" feedback="" />
    </button>
    <button x="12" y="2" h="2" w="2">
      <key modifier="normal" content="h" value="h" style="normal" feedback="" />
      <key modifier="shift" content="H" value="H" style="normal" feedback="" />
    </button>
    <button x="14" y="2" h="2" w="2">
      <key modifier="normal" content="j" value="j" style="normal" feedback="" />
      <key modifier="shift" content="J" value="J" style="normal" feedback="" />
    </button>
    <button x="16" y="2" h="2" w="2">
      <key modifier="normal" content="k" value="k" style="normal" feedback="" />
      <key modifier="shift" content="K" value="K" style="normal" feedback="" />
    </button>
    <button x="18" y="2" h="2" w="2">
      <key modifier="normal" content="l" value="l" style="normal" feedback="" />
      <key modifier="shift" content="L" value="L" style="normal" feedback="" />
    </button>
    <button x="3" y="4" h="2" w="2">
      <key modifier="normal" content="z" value="z" style="normal" feedback="" />
      <key modifier="shift" content="Z" value="Z" style="normal" feedback="" />
    </button>
    <button x="5" y="4" h="2" w="2">
      <key modifier="normal" content="x" value="x" style="normal" feedback="" />
      <key modifier="shift" content="X" value="X" style="normal" feedback="" />
    </button>
    <button x="7" y="4" h="2" w="2">
      <key modifier="normal" content="c" value="c" style="normal" feedback="" />
      <key modifier="shift" content="C" value="C" style="normal" feedback="" />
    </button>
    <button x="9" y="4" h="2" w="2">
      <key modifier="normal" content="v" value="v" style="normal" feedback="" />
      <key modifier="shift" content="V" value="V" style="normal" feedback="" />
    </button>
    <button x="11" y="4" h="2" w="2">
      <key modifier="normal" content="b" value="b" style="normal" feedback="" />
      <key modifier="shift" content="B" value="B" style="normal" feedback="" />
    </button>
    <button x="13" y="4" h="2" w="2">
      <key modifier="normal" content="n" value="n" style="normal" feedback="" />
      <key modifier="shift" content="N" value="N" style="normal" feedback="" />
    </button>
    <button x="15" y="4" h="2" w="2">
      <key modifier="normal" content="m" value="m" style="normal" feedback="" />
      <key modifier="shift" content="M" value="M" style="normal" feedback="" />
    </button>
  </layout>
</keyboards>