﻿<?xml version="1.0" encoding="utf-8"?>
<templates version="3" next-auto-number="15">
  <screen-group name="default">
    <screen-template name="global" match="false" anchored="False" html-id="auto-component-zkfS">
      <context-menu></context-menu>
    </screen-template>
    <screen-template name="T_Scan_Item" match="orderMatch('Scan Item','Item:','QTY:')" anchored="False" html-id="auto-component-SdAh">
      <header start-row="1" start-column="1" value="Scan Item" html-id="component-0" html-style="text-align:center;"></header>
      <span-group html-id="added_638086186153482322">
        <display-text start-row="3" start-column="1" copy-value="[3,1:5]" html-id="added_638086186044303099"></display-text>
        <display-text start-row="3" start-column="7" copy-value="[3,7:81]" html-id="added_638086185765832119"></display-text>
      </span-group>
      <span-group html-id="added_638086186121731735">
        <display-text start-row="4" start-column="1" copy-value="[4,1:4]" html-id="added_638086186083575531"></display-text>
        <display-text start-row="4" start-column="5" copy-value="[4,5:84]" html-id="added_638086185814781602"></display-text>
      </span-group>
      <display-text start-row="6" start-column="1" value="Scan Item: Ite" copy-value="[6,1]" html-id="component-3"></display-text>
      <input-field start-row="6" start-column="11" copy-value="[6,11:79]" html-id="added_638086199148004138"></input-field>
    </screen-template>
    <screen-template name="T_Scan_Qty" match="orderMatch('Scan QTY','Item:','QTY:')" anchored="False" html-id="auto-component-w9aK">
      <workflow></workflow>
      <header start-row="1" start-column="1" value="Scan QTY" html-id="component-0"></header>
      <span-group html-id="added_638086196028843222">
        <display-text start-row="3" start-column="1" copy-value="[3,1:5]" html-id="added_638086195919818179"></display-text>
        <display-text start-row="3" start-column="7" copy-value="[3,7:81]" html-id="added_638086195841834974"></display-text>
      </span-group>
      <span-group html-id="added_638086196065075506">
        <display-text start-row="4" start-column="1" copy-value="[4,1:4]" html-id="added_638086195951101681"></display-text>
        <display-text start-row="4" start-column="6" copy-value="[4,6:83]" html-id="added_638086195762055515"></display-text>
      </span-group>
      <display-text start-row="6" start-column="1" value="Scan QTY" html-id="component-3"></display-text>
      <input-field start-row="6" start-column="10" copy-value="[6,10]" html-id="input-00050009"></input-field>
    </screen-template>
  </screen-group>
</templates>