﻿<?xml version="1.0" encoding="utf-8"?>
<ArrayOfScriptWithScope xmlns:xsi="http://www.w3.org/2001/XMLSchema-instance" xmlns:xsd="http://www.w3.org/2001/XMLSchema">
  <ScriptWithScope>
    <FunctionName>six15_smart_velocity</FunctionName>
    <DisplayName>Six15 ST1 Auto HUD Enable</DisplayName>
    <ScriptText>Action.launch({
    package: "com.six15.st1_connect",
    class: "com.six15.intent_interface.IntentInterfaceActivity",
    action: "com.six15.hudservice.ACTION_START_INTENT_SERVICE",
});

var firstMessage = true;


function sendScreenToHud(event) {

    var lines = [];
    var i = 0;
    var empty_count = 0;
    //Loop through every line.
    //The API doesn't tell us how many there are, so go until we find 10 empty lines, or 100 total lines.
    //Every line, except for the ending empty lines, should add something to lines so the index matches the cursor position.
    while (i &lt; 100 &amp;&amp; empty_count &lt; 10) {
        var line = Screen.getText(i, 0);
        var trimmedLine;
        if (line != null) {
            trimmedLine = line.trim();
        } else {
            line = ""
            trimmedLine = "";
        }
        var addLine = trimmedLine.length &gt; 0;

        if (addLine) {
            for (var j = 0; j &lt; empty_count; j++) {
                lines.push("");
            }
            empty_count = 0;
            lines.push(line);
        } else {
            empty_count = empty_count + 1;
        }
        i++;
    }
    var cursor = Screen.getCursorPosition();
    var cursor_row = 0;
    if (cursor != null) {
        cursor_row = cursor.row;
        while (cursor_row &gt; lines.length - 1) {
            lines.push("");
        }
    }
    var extras = [{ name: "lines", value: lines, type: "string" }];
    var action = "com.six15.hudservice.ACTION_SEND_SCREEN";


    if (firstMessage) {
        Action.launch({
            package: "com.six15.st1_connect",
            class: "com.six15.intent_interface.IntentInterfaceActivity",
            action: action,
            extras: extras
        });
        firstMessage = false;
    } else {
        Action.sendBroadcast({
            action: action,
            extras: extras
        });
    }
}
sendScreenToHud();
WLEvent.on("ScreenUpdated", sendScreenToHud);</ScriptText>
    <Description>This script automatically creates screens for Six15's ST1 based off a TE screen.
This requires the "Six15 ST1" app and ST1 hardware.
Internally the script relies on Six15's Intent Interface via action "com.six15.hudservice.ACTION_SEND_SCREEN".</Description>
    <Autogenerated>false</Autogenerated>
    <IgnoreScope>false</IgnoreScope>
    <Tags>
      <string>TE</string>
      <string>Six15</string>
      <string>ST1</string>
    </Tags>
    <Version>1.0</Version>
    <Modified>2023-04-03T12:11:45.6393584-04:00</Modified>
    <Parameters />
    <Resources />
    <DefaultScope>session</DefaultScope>
    <Scopes>
      <ScriptScope>
        <ScopeIdentifier>session</ScopeIdentifier>
        <ParameterValues />
      </ScriptScope>
    </Scopes>
  </ScriptWithScope>
</ArrayOfScriptWithScope>